"key","original","bg","status","notes"
"hint_alchemy","Mix","Смеси","translated","Short hint/tutorial heading pilot translation."
"hint_build","Build","Построй","review","Check the command wording in the in-game build context."
"hint_climb","Climb","Изкачи се","translated","Short hint/tutorial heading pilot translation."
"hint_craft","Craft","Изработи","translated","Short hint/tutorial heading pilot translation."
"hint_cremate_body","Cremate","Кремирай","translated","Short hint/tutorial heading pilot translation."
"hint_draw_water","Draw Water","Загреби вода","translated","Short hint/tutorial heading pilot translation."
"hint_drop_body","Drop Body","Пусни тялото","translated","Short hint/tutorial heading pilot translation."
"hint_exit","Exit","Излез","translated","Short hint/tutorial heading pilot translation."
"hint_fertilize","Fertilize","Тори","translated","Short hint/tutorial heading pilot translation."
"hint_grave","Grave","Гроб","translated","Short hint/tutorial heading pilot translation."
"hint_insp_reward","Fills the inspiration bar and provides you with %1 points.","Запълва лентата за вдъхновение и ти дава %1 точки.","translated","Short hint/tutorial heading pilot translation."
"hint_interaction","Interact","Взаимодействай","translated","Short hint/tutorial heading pilot translation."
"hint_open","Open","Отвори","translated","Short hint/tutorial heading pilot translation."
"hint_pick_up","Pick up","Вдигни","translated","Short hint/tutorial heading pilot translation."
"hint_place_body","Place Body","Постави тялото","translated","Short hint/tutorial heading pilot translation."
"hint_plant","Plant","Засади","translated","Short hint/tutorial heading pilot translation."
"hint_pray","Pray","Моли се","translated","Short hint/tutorial heading pilot translation."
"hint_put","Put","Постави","translated","Short hint/tutorial heading pilot translation."
"hint_put_flag","Place banner","Постави знамето","translated","Short hint/tutorial heading pilot translation."
"hint_put_zombie","Put Zombie","Постави зомбито","translated","Short hint/tutorial heading pilot translation."
"hint_required_mastery","Required mastery","Необходимо майсторство","translated","Short hint/tutorial heading pilot translation."
"hint_reset","Reset","Нулирай","translated","Short hint/tutorial heading pilot translation."
"hint_science_decompose","Can be decomposed on the Study Table to get","Може да се разгради на Масата за проучване, за да получиш","translated","Short hint/tutorial heading pilot translation."
"hint_set_to_hot_bar","Assign to Hot bar","Задай в бързия панел","translated","Short hint/tutorial heading pilot translation."
"hint_sleep","Sleep","Спи","translated","Short hint/tutorial heading pilot translation."
"hint_speak","Speak","Говори","translated","Short hint/tutorial heading pilot translation."
"hint_steam_up","Steam up","Подвий ръкави","translated","Short hint/tutorial heading pilot translation."
"hint_survey","Study","Проучи","translated","Short hint/tutorial heading pilot translation."
"hint_survey_noun","Study","Проучване","translated","Short hint/tutorial heading pilot translation."
"hint_take","Take","Вземи","translated","Short hint/tutorial heading pilot translation."
"hint_take_all","Take All","Вземи всички","translated","Short hint/tutorial heading pilot translation."
"hint_take_flag","Take banner","Вземи знамето","translated","Short hint/tutorial heading pilot translation."
"hint_take_water","Take Water","Вземи вода","translated","Short hint/tutorial heading pilot translation."
"hint_teleport","Teleport","Телепортирай се","translated","Short hint/tutorial heading pilot translation."
"hint_try_to_remove","Try To Remove","Опитай се да я премахнеш","translated","Short hint/tutorial heading pilot translation."
"hint_use_clothes","Use to add to your clothes collection.","Използвай, за да добавиш към колекцията си от дрехи.","translated","Short hint/tutorial heading pilot translation."
"hint_use_read","Use to read.","Използвай, за да прочетеш.","translated","Short hint/tutorial heading pilot translation."
"hint_use_seeds","Use to start planting.","Използвай, за да започнеш засаждането.","translated","Short hint/tutorial heading pilot translation."
"hint_work","Work","Събери","translated","Short hint/tutorial heading pilot translation."
"tut_alchemy_craft","Crafting alchemical recipes requires <sprite name=""alchemy_flask"">. You'll need to load them in the Flask shelf.","За изработката на алхимични рецепти е нужна <sprite name=""alchemy_flask"">. Трябва да ги заредиш на рафта за колби.","translated","Short hint/tutorial heading pilot translation."
"tut_alchemy_folio","All the formulas you've discovered are recorded in the Folio.","Всички открити от теб формули се записват във Фолиото.","translated","Short hint/tutorial heading pilot translation."
"tut_alchemy_hdr","Tutorial: Alchemy","Урок: Алхимия","translated","Short hint/tutorial heading pilot translation."
"tut_alchemy_items","Items with <sprite name=""rune_r"">, <sprite name=""rune_g"">, or <sprite name=""rune_b""> are used to craft alchemical recipes.","Предмети с <sprite name=""rune_r"">, <sprite name=""rune_g""> или <sprite name=""rune_b""> се използват за изработка на алхимични рецепти.","translated","Short hint/tutorial heading pilot translation."
"tut_alchemy_mech","You'll also need the exact amount of <sprite name=""rune_r"">, <sprite name=""rune_g"">, and <sprite name=""rune_b""> from your ingredients.","Ще ти трябва и точното количество <sprite name=""rune_r"">, <sprite name=""rune_g""> и <sprite name=""rune_b""> от съставките.","translated","Short hint/tutorial heading pilot translation."
"tut_alchemy_price","Crafting alchemical recipes requires <sprite name=""alchemy_flask""> and <sprite name=""fire"">.
You also need the exact amount of <sprite name=""rune_r"">, <sprite name=""rune_g"">, and <sprite name=""rune_b""> from your ingredients.","За изработката на алхимични рецепти са нужни <sprite name=""alchemy_flask""> и <sprite name=""fire"">. Ще ти трябва и точното количество <sprite name=""rune_r"">, <sprite name=""rune_g""> и <sprite name=""rune_b""> от съставките.","translated","Short hint/tutorial heading pilot translation."
"tut_alchemy_properties","Some items have alchemical properties: <sprite name=""rune_r"">, <sprite name=""rune_g"">, and <sprite name=""rune_b"">.","Някои предмети имат алхимични свойства: <sprite name=""rune_r"">, <sprite name=""rune_g""> и <sprite name=""rune_b"">.","translated","Short hint/tutorial heading pilot translation."
"tut_alchemy_science","Spend <sprite name=""science""> to study items at the Study Table. Studying items is rewarded with <sprite name=""tech_red"">, <sprite name=""tech_green"">, and <sprite name=""tech_blue"">.","Използвай <sprite name=""science"">, за да проучваш предмети на Масата за проучване. Проучването награждава с <sprite name=""tech_red"">, <sprite name=""tech_green""> и <sprite name=""tech_blue"">.","translated","Short hint/tutorial heading pilot translation."
"tut_alchemy_survey","Study can also uncover the alchemical properties from some items: <sprite name=""rune_r"">, <sprite name=""rune_g"">, and <sprite name=""rune_b"">.","Проучването може да разкрие и алхимичните свойства на някои предмети: <sprite name=""rune_r"">, <sprite name=""rune_g""> и <sprite name=""rune_b"">.","translated","Short hint/tutorial heading pilot translation."
"tut_battle_1_hdr","Tutorial: Battle Preparation","Урок: Подготовка за битка","translated","Short hint/tutorial heading pilot translation."
"tut_battle_2_hdr","Tutorial: Battle","Урок: Битка","translated","Short hint/tutorial heading pilot translation."
"tut_battle_banner","To command a squad, pick up and carry their banner. You can lead them, or leave them to defend a position.","За да командваш отряд, вземи и носи знамето му. Можеш да го поведеш или да го оставиш да защитава позиция.","translated","Short hint/tutorial heading pilot translation."
"tut_battle_bars","During battle, watch the bars at the top to know when and where the zombies will attack.","По време на битка следи лентите горе, за да знаеш кога и къде ще нападнат зомбитата.","translated","Short hint/tutorial heading pilot translation."
"tut_battle_build","To prepare for battle, build defensive structures near your base.","За да се подготвиш за битка, построй отбранителни съоръжения близо до базата си.","translated","Short hint/tutorial heading pilot translation."
"tut_battle_defense","<sprite name=""barracks""> are provided by defensive structures and your troops from the barracks.","<sprite name=""barracks""> се осигуряват от отбранителни съоръжения и войските от казармите.","translated","Short hint/tutorial heading pilot translation."
"tut_battle_flag","To capture a flag, defeat nearby enemies and hold the position. The more troops near a flag, the faster you'll capture it.","За да превземеш знаме, победи близките врагове и задръж позицията. Колкото повече войници има край знамето, толкова по-бързо ще го превземеш.","translated","Short hint/tutorial heading pilot translation."
"tut_battle_lose","If enemies capture your base, or your health runs out, you lose.","Ако враговете превземат базата ти или здравето ти свърши, губиш.","translated","Short hint/tutorial heading pilot translation."
"tut_battle_start","Start a battle by interacting with the guard post.","Започни битка, като взаимодействаш със стражевия пост.","translated","Short hint/tutorial heading pilot translation."
"tut_battle_swords","Each battle has a <sprite name=""barracks""> requirement.","Всяка битка има изискване за <sprite name=""barracks"">.","translated","Short hint/tutorial heading pilot translation."
"tut_battle_win","To win, capture all the enemy flags, and hold them until the battle ends.","За да спечелиш, превземи всички вражески знамена и ги задръж до края на битката.","translated","Short hint/tutorial heading pilot translation."
"tut_commerce_day","You can only accept town orders on <sprite name=""day_pride"">. Completing them rewards <sprite name=""happiness""> and <sprite name=""brz-m""><sprite name=""slv-m""><sprite name=""gld-m"">.","Можеш да приемаш градски поръчки само на <sprite name=""day_pride"">. Изпълнението им носи <sprite name=""happiness""> и <sprite name=""brz-m""><sprite name=""slv-m""><sprite name=""gld-m"">.","translated","Short hint/tutorial heading pilot translation."
"tut_commerce_delivery","Deliver the required goods to the Town Warehouse to complete orders. You can sell extra goods there for money.","Достави нужните стоки в Градския склад, за да изпълниш поръчките. Там можеш да продаваш излишните стоки за пари.","translated","Short hint/tutorial heading pilot translation."
"tut_commerce_hdr","Tutorial: Commerce","Урок: Търговия","translated","Short hint/tutorial heading pilot translation."
"tut_commerce_urgent","There are different orders. Urgent ones <sprite name=""icon_time""> must be completed in full within one week. ","Има различни поръчки. Спешните <sprite name=""icon_time""> трябва да бъдат изпълнени изцяло в рамките на една седмица.","translated","Short hint/tutorial heading pilot translation."
"tut_craft_auto","After selecting a recipe, you need to craft it. Some workbenches automatically craft over time <sprite name=""cell_time""> using fuel <sprite name=""fire"">.","След като избереш рецепта, трябва да я изработиш. Някои работни маси изработват автоматично с течение на времето <sprite name=""cell_time"">, като използват гориво <sprite name=""fire"">.","translated","Short hint/tutorial heading pilot translation."
"tut_craft_extensions","Advanced items require special extensions to the workbench.","За изработката на напреднали предмети са нужни специални приставки към работната маса.","translated","Short hint/tutorial heading pilot translation."
"tut_craft_hdr","Tutorial: Crafting","Урок: Изработка","translated","Short hint/tutorial heading pilot translation."
"tut_craft_price","This requires ingredients and talent.","За това са нужни съставки и талант.","translated","Short hint/tutorial heading pilot translation."
"tut_craft_req","Crafts requires ingredients, <sprite name=""energy"">,
and <sprite name=""talent_orange"">/<sprite name=""talent_red"">/<sprite name=""talent_green"">/<sprite name=""talent_yellow"">/<sprite name=""talent_blue"">.","За изработката са нужни съставки, <sprite name=""energy""> и <sprite name=""talent_orange"">/<sprite name=""talent_red"">/<sprite name=""talent_green"">/<sprite name=""talent_yellow"">/<sprite name=""talent_blue"">.","translated","Short hint/tutorial heading pilot translation."
"tut_craft_star","Some recipes are <sprite name=""icon_star"">. Results vary based on ingredients and talent. The higher your talent, the better the quality of your crafted items.","Някои рецепти са <sprite name=""icon_star"">. Резултатът зависи от съставките и таланта. Колкото по-висок е талантът ти, толкова по-добро ще е качеството на изработените предмети.","translated","Short hint/tutorial heading pilot translation."
"tut_craft_workbench","You can craft any recipe you know at the corresponding workbench.","Можеш да изработиш всяка позната рецепта на съответната работна маса.","translated","Short hint/tutorial heading pilot translation."
"tut_energy_1","Some actions in the game spend your [Energy].

Crafting, gathering, and fighting take energy. ","Някои действия в играта изразходват [Енергия].

Изработката, събирането на ресурси и битките изискват енергия.","translated","Short hint/tutorial heading pilot translation."
"tut_energy_2","Certain tasks or exhaustion produce <sprite name=""insanity"">. 
Insanity reduces your maximum <sprite name=""energy"">. ","Определени задачи или изтощението водят до <sprite name=""insanity"">. Лудостта намалява максималната ти <sprite name=""energy"">.","translated","Short hint/tutorial heading pilot translation."
"tut_energy_3","You can always refill your energy with [Food] and [Potions]. Just right-click to use them from your inventory.","Винаги можеш да възстановиш енергията си с [Храна] и [Отвари]. Просто щракни с десния бутон върху тях в инвентара си.","translated","Short hint/tutorial heading pilot translation."
"tut_energy_4","[Sleeping] will also restore your <sprite name=""energy""> and probably reduce <sprite name=""insanity"">.","[Сънят] също възстановява <sprite name=""energy""> и вероятно намалява <sprite name=""insanity"">.","translated","Short hint/tutorial heading pilot translation."
"tut_energy_5","[Sleeping] will also restore your <sprite name=""energy"">.","[Сънят] също възстановява <sprite name=""energy"">.","translated","Short hint/tutorial heading pilot translation."
"tut_energy_consumables","Some consumables restore <sprite name=""energy"">.","Някои консумативи възстановяват <sprite name=""energy"">.","translated","Short hint/tutorial heading pilot translation."
"tut_energy_hdr","Tutorial: Energy","Урок: Енергия","translated","Short hint/tutorial heading pilot translation."
"tut_energy_sleep","Sleeping also restores <sprite name=""energy"">.","Сънят също възстановява <sprite name=""energy"">.","translated","Short hint/tutorial heading pilot translation."
"tut_energy_spend","You spend <sprite name=""energy""> on various actions.","Изразходваш <sprite name=""energy""> за различни действия.","translated","Short hint/tutorial heading pilot translation."
"tut_factory_gear","<sprite name=""gear""> limits your Factory's capacity. Operate more Carousels to increase it.","<sprite name=""gear""> определя капацитета на Фабриката ти. Задействай повече въртележки, за да го увеличиш.","translated","Short hint/tutorial heading pilot translation."
"tut_factory_hdr","Tutorial: Factory","Урок: Фабрика","translated","Short hint/tutorial heading pilot translation."
"tut_factory_town","The Factory allows you to fully automate town supplies, including both production and delivery.","Фабриката ти позволява напълно да автоматизираш снабдяването на града, включително производството и доставките.","translated","Short hint/tutorial heading pilot translation."
"tut_factory_work","Factory workstations need zombies to work, and must be linked by conveyor belts.","Работните станции във Фабриката се нуждаят от зомбита, за да работят, и трябва да бъдат свързани с конвейерни ленти.","translated","Short hint/tutorial heading pilot translation."
"tut_farming_hdr","Tutorial: Farming","Урок: Земеделие","translated","Short hint/tutorial heading pilot translation."
"tut_farming_price","Planting costs 4 seeds.","Засаждането струва 4 семена.","translated","Short hint/tutorial heading pilot translation."
"tut_farming_seeds","To plant seeds, take them from your inventory. Planting costs 4 seeds.","За да засадиш, вземи семената от инвентара си. Засаждането струва 4 семена.","translated","Short hint/tutorial heading pilot translation."
"tut_farming_talent","The higher your and bed's <sprite name=""talent_green"">, the greater the harvest.","Колкото по-висок е твоят <sprite name=""talent_green""> и този на лехата, толкова по-голяма ще е реколтата.","translated","Short hint/tutorial heading pilot translation."
"tut_fishing_bait","First, select your bait — although sometimes you can fish without it. Once you get a bite, quickly press @(GameKeyInteraction) to start the minigame.","Първо избери стръв - макар че понякога можеш да ловиш и без нея. Когато кълвне, бързо натисни @(GameKeyInteraction), за да започнеш минииграта.","translated","Short hint/tutorial heading pilot translation."
"tut_fishing_bite","When you get a bite, quickly press @(GameKeyInteraction) to start the minigame.","Когато кълвне, бързо натисни @(GameKeyInteraction), за да започнеш минииграта.","translated","Short hint/tutorial heading pilot translation."
"tut_fishing_game","During the minigame, hold @(GameKeyInteraction) to reel the fish in. Avoid pulling when the fish is fighting back, or the line will snap. If you're having trouble catching fish, increase your <sprite name=""talent_green"">.","По време на минииграта задръж @(GameKeyInteraction), за да изтеглиш рибата. Не дърпай, когато рибата се съпротивлява, иначе кордата ще се скъса. Ако ти е трудно да ловиш риба, увеличи <sprite name=""talent_green"">.","translated","Short hint/tutorial heading pilot translation."
"tut_fishing_hdr","Tutorial: Fishing","Урок: Риболов","translated","Short hint/tutorial heading pilot translation."
"tut_fishing_spots","You can fish at designated spots.","Можеш да ловиш риба на определени места.","translated","Short hint/tutorial heading pilot translation."
"tut_fishing_talent","If you're having trouble catching fish, increase your <sprite name=""talent_green"">.","Ако ти е трудно да ловиш риба, увеличи <sprite name=""talent_green"">.","translated","Short hint/tutorial heading pilot translation."
"tut_grave_1","Use the [blueprint desk] at the graveyard. Mark a site for the grave, then dig it with your shovel.","Използвай [чертожната маса] в гробището. Маркирай място за гроб, после го изкопай с лопатата си.","translated","Short hint/tutorial heading pilot translation."
"tut_grave_1_1","Use the Blueprint Desk to mark a site for the grave, then dig it with your shovel.","Използвай чертожната маса, за да маркираш място за гроб, после го изкопай с лопатата си.","translated","Short hint/tutorial heading pilot translation."
"tut_grave_1_2","Put the corpse in the grave. Bury it, and mark it with a sign. Later you can unlock better headstones and fences.","Постави трупа в гроба. Погреби го и го отбележи с надгробен кръст. По-късно ще можеш да отключиш по-добри надгробни плочи и огради.","translated","Short hint/tutorial heading pilot translation."
"tut_grave_2","Carefully put the body (or what remains of it) in the grave. And bury it.","Внимателно постави тялото (или каквото е останало от него) в гроба. После го погреби.","translated","Short hint/tutorial heading pilot translation."
"tut_grave_hdr","Tutorial: Graveyard","Урок: Гробището","translated","Short hint/tutorial heading pilot translation."
"tut_insanity_consumables","Some consumables can reduce <sprite name=""insanity"">.","Някои консумативи могат да намалят <sprite name=""insanity"">.","translated","Short hint/tutorial heading pilot translation."
"tut_insanity_energy","<sprite name=""insanity""> reduces your maximum <sprite name=""energy"">.","<sprite name=""insanity""> намалява максималната ти <sprite name=""energy"">.","translated","Short hint/tutorial heading pilot translation."
"tut_insanity_generate","Some actions generate <sprite name=""insanity"">. When you are tired, any action will generate <sprite name=""insanity"">. ","Някои действия създават <sprite name=""insanity"">. Когато си изморен, всяко действие ще създава <sprite name=""insanity"">.","translated","Short hint/tutorial heading pilot translation."
"tut_insanity_hdr","Tutorial: Insanity","Урок: Лудост","translated","Short hint/tutorial heading pilot translation."
"tut_insanity_spend","Sleeping when you're tired is the best way to reduce <sprite name=""insanity"">.","Да спиш, когато си изморен, е най-добрият начин да намалиш <sprite name=""insanity"">.","translated","Short hint/tutorial heading pilot translation."
"tut_insp_talents_hdr","Tutorial: Inspirations and Talents","Урок: Вдъхновения и таланти","translated","Short hint/tutorial heading pilot translation."
"tut_insp_talents_insp","By performing various actions, you earn different inspirations: <sprite name=""inspiration_point-orange"">, <sprite name=""inspiration_point-red"">, <sprite name=""inspiration_point-green"">, <sprite name=""inspiration_point-yellow"">, and <sprite name=""inspiration_point-blue"">.","Извършвай различни действия, за да печелиш различни вдъхновения: <sprite name=""inspiration_point-orange"">, <sprite name=""inspiration_point-red"">, <sprite name=""inspiration_point-green"">, <sprite name=""inspiration_point-yellow""> и <sprite name=""inspiration_point-blue"">.","translated","Short hint/tutorial heading pilot translation."
"tut_insp_talents_talents","Inspiration points can be spent on perks and increasing talents: <sprite name=""talent_orange"">, <sprite name=""talent_red"">, <sprite name=""talent_green"">, <sprite name=""talent_yellow"">, and <sprite name=""talent_blue"">.","Точките за вдъхновение могат да се харчат за умения и увеличаване на талантите: <sprite name=""talent_orange"">, <sprite name=""talent_red"">, <sprite name=""talent_green"">, <sprite name=""talent_yellow""> и <sprite name=""talent_blue"">.","translated","Short hint/tutorial heading pilot translation."
"tut_modules_hdr","Tutorial: Graveyard Modules","Урок: Модули на гробището","translated","Short hint/tutorial heading pilot translation."
"tut_modules_info","Graveyard construction uses modules.","Изграждането на гробището използва модули.","translated","Short hint/tutorial heading pilot translation."
"tut_modules_limited","There's a limited number of modules.","Броят на модулите е ограничен.","translated","Short hint/tutorial heading pilot translation."
"tut_modules_place","Place a module first, then build on it.","Първо постави модул, после го надстрой.","translated","Short hint/tutorial heading pilot translation."
"tut_pr_machine_cap","There's a limit to how many zombies you can have. To create more zombies, use the PR Machine.","Има ограничение за броя зомбита, които можеш да имаш. За да създадеш още зомбита, използвай Машината за намаляване на паниката.","translated","Short hint/tutorial heading pilot translation."
"tut_pr_machine_charge","Place Newspapers and Charged Hypno Devices on the PR Machine every <sprite name=""day_gluttony""> to increase the limit for the week.","Поставяй вестници и заредени хипнотични устройства в Машината за намаляване на паниката всеки <sprite name=""day_gluttony"">, за да увеличиш ограничението за седмицата.","translated","Short hint/tutorial heading pilot translation."
"tut_pr_machine_debuff","Exceeding the zombie limit will give you a debuff until the limit is met.","Превишаването на ограничението за зомбита ще ти даде отрицателен ефект, докато не се вместиш в ограничението.","translated","Short hint/tutorial heading pilot translation."
"tut_pr_machine_hdr","Tutorial: Panic Reduction Machine","Урок: Машина за намаляване на паниката","translated","Short hint/tutorial heading pilot translation."
"tut_resurrection_day","Here you can resurrect zombies every <sprite name=""day_envy"">.
Prepare everything in advance.","Тук можеш да възкресяваш зомбита всеки <sprite name=""day_envy"">. Подготви всичко предварително.","translated","Short hint/tutorial heading pilot translation."
"tut_resurrection_device","During <sprite name=""day_envy""> the room is powered. Use the Resurrection Device to bring zombies back to life.","По време на <sprite name=""day_envy""> стаята е захранена. Използвай Устройството за възкресение, за да върнеш зомбитата към живот.","translated","Short hint/tutorial heading pilot translation."
"tut_resurrection_hdr","Tutorial: Resurrection","Урок: Възкресение","translated","Short hint/tutorial heading pilot translation."
"tut_resurrection_power","Place a corpse on the table with Reanimation Liquid, <sprite name=""faith"">, and a Zombie Collar.","Постави труп с Течност за реанимация, <sprite name=""faith""> и нашийник за зомби на масата.","translated","Short hint/tutorial heading pilot translation."
"tut_resurrection_room","Here you can resurrect corpses. For zombies, more <sprite name=""rskull""> is better.","Тук можеш да възкресяваш трупове. При зомбитата повече <sprite name=""rskull""> е по-добре.","translated","Short hint/tutorial heading pilot translation."
"tut_resurrection_skulls","For zombies, more <sprite name=""rskull""> and fewer <sprite name=""skull""> is better.","При зомбитата повече <sprite name=""rskull""> и по-малко <sprite name=""skull""> е по-добре.","translated","Short hint/tutorial heading pilot translation."
"tut_sermons_chance","Success Chance: 67%","Шанс за успех: 67%","translated","Short hint/tutorial heading pilot translation."
"tut_sermons_day","Every <sprite name=""day_wrath""> you can hold a sermon at the Church.","Всеки <sprite name=""day_wrath""> можеш да изнесеш проповед в църквата.","translated","Short hint/tutorial heading pilot translation."
"tut_sermons_likes","Earn <sprite name=""happiness""> by completing quests and orders.
The better the ceremony, the more <sprite name=""happiness_cross""> its success requires.","Печели <sprite name=""happiness"">, като изпълняваш задачи и поръчки. Колкото по-добра е церемонията, толкова повече <sprite name=""happiness_cross""> са нужни за успех.","translated","Short hint/tutorial heading pilot translation."
"tut_sermons_parishioners","Sermons spend <sprite name=""happiness""> and require <sprite name=""cross"">. The lower of the two — <sprite name=""happiness_cross""> — determines how many parishioners attend.","Проповедите изразходват <sprite name=""happiness""> и изискват <sprite name=""cross"">. По-ниската от двете стойности - <sprite name=""happiness_cross""> - определя колко миряни ще присъстват.","translated","Short hint/tutorial heading pilot translation."
"tut_sermons_reward","The better the ceremony is, the more <sprite name=""happiness_cross""> it requires to be successful.","Колкото по-добра е церемонията, толкова повече <sprite name=""happiness_cross""> са нужни за успех.","translated","Short hint/tutorial heading pilot translation."
"tut_skulls_1","Human remains each have their own unique spiritual attributes. A corpse gets its <sprite name=""rskull""><sprite name=""skull""> from its body parts. You can change a corpse's <sprite name=""rskull""><sprite name=""skull""> by removing organs and embalming.","Човешките останки имат свои уникални духовни свойства. Трупът получава своите <sprite name=""rskull""><sprite name=""skull""> от частите на тялото си. Можеш да промениш <sprite name=""rskull""><sprite name=""skull""> на трупа, като отстраняваш органи и балсамираш.","translated","Short hint/tutorial heading pilot translation."
"tut_skulls_2","The main way to increase your graveyard's <sprite name=""wskull""> is to decorate graves with objects that have more <sprite name=""wr"">.","Основният начин да увеличиш <sprite name=""wskull""> на гробището си е да украсяваш гробовете с предмети, които имат повече <sprite name=""wr"">.","translated","Short hint/tutorial heading pilot translation."
"tut_skulls_3","Lines that have both <sprite name=""skull""> and <sprite name=""wr"">, counts as one <sprite name=""wskull"">. Lines that have <sprite name=""rskull""> never count, but you'll need to fill them with <sprite name=""wr""> to reach <sprite name=""skull""> lines.  ","Редовете, които имат едновременно <sprite name=""skull""> и <sprite name=""wr"">, се броят за един <sprite name=""wskull"">. Редовете с <sprite name=""rskull""> никога не се броят, но трябва да ги запълниш с <sprite name=""wr"">, за да достигнеш редовете с <sprite name=""skull"">.","translated","Short hint/tutorial heading pilot translation."
"tut_squad_emblem","You’ve received a Defender’s Emblem!","Получи емблема на защитник!","translated","Short hint/tutorial heading pilot translation."
"tut_squad_equipment","Zombies only fight if equipped with armor and a pike or bow.","Зомбитата се бият само ако са екипирани с броня и пика или лък.","translated","Short hint/tutorial heading pilot translation."
"tut_squad_form","To form a squad, bring zombies to the Barracks and put them in a Squad Slot.","За да сформираш отряд, заведи зомбита в казармата и ги постави в слот за отряд.","translated","Short hint/tutorial heading pilot translation."
"tut_squad_hdr","Tutorial: Zombie Squads","Урок: Отряди от зомбита","translated","Short hint/tutorial heading pilot translation."
"tut_squad_mercenaries","You can use your own Zombie Squads in future fights, and continue hiring mercenaries.","В бъдещите битки можеш да използваш собствените си отряди от зомбита и да продължиш да наемаш наемници.","translated","Short hint/tutorial heading pilot translation."
"tut_squad_multiple","As you progress through the story, you'll be able to use more Squads in a fight.","С напредването на историята ще можеш да използваш повече отряди в една битка.","translated","Short hint/tutorial heading pilot translation."
"tut_squad_own","You can now form your own Zombie Squads.","Вече можеш да сформираш собствени отряди от зомбита.","translated","Short hint/tutorial heading pilot translation."
"tut_squad_quality","The better your zombies' equipment, the higher the <sprite name=""barracks"">.","Колкото по-добро е оборудването на зомбитата ти, толкова по-висок е <sprite name=""barracks"">.","translated","Short hint/tutorial heading pilot translation."
"tut_squad_unlock","To unlock a Squad Slot, talk to Battle Ram in the Barracks.","За да отключиш слот за отряд, говори с Бойния овен в казармата.","translated","Short hint/tutorial heading pilot translation."
"tut_survey_hdr","Tutorial: Study","Урок: Проучване","translated","Short hint/tutorial heading pilot translation."
"tut_survey_runes","Runes:","Руни:","translated","Short hint/tutorial heading pilot translation."
"tut_survey_science","Get <sprite name=""science""> from decomposing special items at the Study Table.","Получавай <sprite name=""science"">, като разграждаш специални предмети на Масата за проучване.","translated","Short hint/tutorial heading pilot translation."
"tut_tech_1","To craft new items, you'll need to unlock the relevant technology. This costs tech points. (Press @(GameKeyCharacterWindow) to open the technology tree.)","За да изработваш нови предмети, трябва да отключиш съответната технология. Това струва технологични точки. (Натисни @(GameKeyCharacterWindow), за да отвориш дървото на технологиите.)","translated","Short hint/tutorial heading pilot translation."
"tut_tech_2","Red points represent your hand-crafting skills, and your ability to work with materials.","Червените точки представят уменията ти за ръчна изработка и способността ти да работиш с материали.","translated","Short hint/tutorial heading pilot translation."
"tut_tech_3","Green points represent your knowledge about the nature of things and nature itself.","Зелените точки представят познанията ти за природата и самата природа.","translated","Short hint/tutorial heading pilot translation."
"tut_tech_4","Blue points represent your spiritual knowledge of the immaterial world. You'll get your first <sprite name=""tech_blue""> at the [Study Table] in the Church basement.","Сините точки представят духовните ти познания за нематериалния свят. Ще получиш първите си <sprite name=""tech_blue""> на [Масата за проучване] в мазето на църквата.","translated","Short hint/tutorial heading pilot translation."
"tut_tech_5","You earn points simply by doing things. You can also earn points by studying new items at this special table. ","Печелиш точки просто като вършиш разни неща. Можеш да печелиш точки и като изучаваш нови предмети на тази специална маса.","translated","Short hint/tutorial heading pilot translation."
"tut_tech_hdr","Tutorial: Technology","Урок: Технологии","translated","Short hint/tutorial heading pilot translation."
"tut_tech_hidden","Some skills are hidden, or require a certain reputation with another character.","Някои умения са скрити или изискват определена репутация с друг персонаж.","translated","Short hint/tutorial heading pilot translation."
"tut_tech_price","This costs <sprite name=""tech_red"">, <sprite name=""tech_green"">, and <sprite name=""tech_blue"">.","Това струва <sprite name=""tech_red"">, <sprite name=""tech_green""> и <sprite name=""tech_blue"">.","translated","Short hint/tutorial heading pilot translation."
"tut_tech_unlock","Unlock new technologies in the Tech Tree. This costs <sprite name=""tech_red"">, <sprite name=""tech_green"">, and <sprite name=""tech_blue"">.","Отключвай нови технологии в дървото на технологиите. Това струва <sprite name=""tech_red"">, <sprite name=""tech_green""> и <sprite name=""tech_blue"">.","translated","Short hint/tutorial heading pilot translation."
"tut_town_building","Reclaimed town areas can be restored by building houses and shops.","Възстановените части на града могат да бъдат обновени чрез строеж на къщи и магазини.","translated","Short hint/tutorial heading pilot translation."
"tut_town_hdr","Tutorial: Building","Урок: Строителство","translated","Short hint/tutorial heading pilot translation."
"tut_town_houses","Houses give Green Scrolls. Deliver them to Linda every <sprite name=""day_lust""> to increase <sprite name=""reputation-citizens""> and your maximum <sprite name=""happiness""> limit.","Къщите дават зелени свитъци. Доставяй ги на Линда всеки <sprite name=""day_lust"">, за да увеличиш <sprite name=""reputation-citizens""> и максималната си граница на <sprite name=""happiness"">.","translated","Short hint/tutorial heading pilot translation."
"tut_town_shops","Shops unlock new merchants and town orders, while increasing <sprite name=""village_REP"">. Town orders are the main source of <sprite name=""happiness"">.","Магазините отключват нови търговци и градски поръчки, като същевременно увеличават <sprite name=""village_REP"">. Градските поръчки са основният източник на <sprite name=""happiness"">.","translated","Short hint/tutorial heading pilot translation."
"tut_trading_change","Prices are dynamic: more the merchant has, less the prices.","Цените са динамични: колкото повече има търговецът, толкова по-ниски са цените.","translated","Short hint/tutorial heading pilot translation."
"tut_trading_hdr","Tutorial: Trading","Урок: Търговия","translated","Short hint/tutorial heading pilot translation."
"tut_trading_likes","You can also earn <sprite name=""happiness""> by trading certain special goods.","Можеш да печелиш <sprite name=""happiness""> и като търгуваш с определени специални стоки.","translated","Short hint/tutorial heading pilot translation."
"tut_trading_money","Trading gives you access to various items, and it's a great way to earn <sprite name=""brz-m"">, <sprite name=""slv-m"">, and <sprite name=""gld-m"">.","Търговията ти дава достъп до различни предмети и е чудесен начин да печелиш <sprite name=""brz-m"">, <sprite name=""slv-m""> и <sprite name=""gld-m"">.","translated","Short hint/tutorial heading pilot translation."
"tut_trading_restock","Merchant stocks refresh over time. You can also upgrade a merchant to expand their inventory.","Стоките на търговеца се обновяват с времето. Можеш също да подобриш търговеца, за да разшириш инвентара му.","translated","Short hint/tutorial heading pilot translation."
"tut_trading_special","Every merchant has their own goods to buy and sell, some special just to them.","Всеки търговец има свои стоки за купуване и продаване, като някои са специални само за него.","translated","Short hint/tutorial heading pilot translation."
"tut_zombie_work_hdr","Tutorial: Zombie Workers","Урок: Работници зомбита","translated","Short hint/tutorial heading pilot translation."
"tut_zombie_work_supply","Zombie suppliers deliver needed items to workstation zombies, and load items onto workbenches for auto-crafting.","Зомбитата снабдители доставят нужните предмети на зомбитата на работните станции и зареждат предмети на работните маси за автоматична изработка.","translated","Short hint/tutorial heading pilot translation."
"tut_zombie_work_talents","Zombie workers have their own talent levels <sprite name=""talent_orange"">, <sprite name=""talent_red"">, <sprite name=""talent_green"">, <sprite name=""talent_yellow"">, <sprite name=""talent_blue""> and perks that can also be upgraded. They can also use equipment.","Работниците зомбита имат свои нива на талант <sprite name=""talent_orange"">, <sprite name=""talent_red"">, <sprite name=""talent_green"">, <sprite name=""talent_yellow"">, <sprite name=""talent_blue""> и умения, които също могат да се подобряват. Могат да използват и оборудване.","translated","Short hint/tutorial heading pilot translation."
"tut_zombie_work_work","Place zombie workers at workstations to assign them different jobs and crafting tasks.","Поставяй работници зомбита на работните станции, за да им възлагаш различни задачи и изработка.","translated","Short hint/tutorial heading pilot translation."
"tut_zone_quality_different","Different locations can have their own quality.","Различните места могат да имат собствено качество.","translated","Short hint/tutorial heading pilot translation."
"tut_zone_quality_hdr","Tutorial: Zone Quality","Урок: Качество на зоните","translated","Short hint/tutorial heading pilot translation."
"tut_zone_quality_icons","For example, the graveyard uses <sprite name=""wr"">.","Например гробището използва <sprite name=""wr"">.","translated","Short hint/tutorial heading pilot translation."
"tut_zone_quality_improve","Build, repair, and clean to improve quality.","Строй, ремонтирай и почиствай, за да подобриш качеството.","translated","Short hint/tutorial heading pilot translation."
